{"cameraMode":{"drawMode":0,"name":"Shaded","section":"Shading Mode"},"sceneLighting":true,"audioPlay":false,"sceneViewState":{"showFog":false,"showMaterialUpdate":false,"showSkybox":false,"showFlares":false,"showImageEffects":false,"showParticleSystems":false},"in2DMode":false,"pivot":{"x":-1.8904422521591187,"y":0.9991068840026856,"z":-2.36663556098938},"rotation":{"x":-0.3442915678024292,"y":0.3280799984931946,"z":-0.12982724606990815,"w":-0.8700412511825562},"size":6.902968883514404,"orthographic":false}